Sr No,Title,Duration,Dominant_Topic,Topic_Strength,Dominant_Topic_Words,NER_CSV_Path,Sentiment_CSV_Path,Topic_TXT_Path,Most_Positive_Sentence,Most_Positive_Compound,Most_Negative_Sentence,Most_Negative_Compound,Average_Compound_Sentiment,PERSON,CARDINAL,DATE,ORG,GPE,NORP,TIME,ORDINAL,PERCENT,MONEY,LAW,LOC,PRODUCT,FAC,WORK_OF_ART,QUANTITY,EVENT,LANGUAGE,positive,neutral,negative
1,"""Donald Trump vs. Hillary Clinton 2nd Presidential Debate Transcript 2016 (Oct 9, 2016)""",from Trump declaring his candidacy in 2016 through the end of his presidency in 2020,Topic_2,0.6708387316568601,"great, say, really, right, year, good, got, make, thing, job",analysis_results\ner\transcript_1_ner.csv,analysis_results\sentiment\transcript_1_sentiment.csv,analysis_results\topics\transcript_1_topic.txt,"And the question for us, the question our country must answer, is that this is not who we are.Hillary Clinton: (11:12)That’s why to go back to your question, I want to send a message, we all should, to every boy and girl and indeed to the entire world that America already is great, but we are great because we are good and we will respect one another and we will work with one another and we will celebrate our diversity.",0.9732,"He never apologized to Mr. and Mrs. Khan, the Gold Star family whose son, Captain Kahn died in the line of duty in Iraq, and Donald insulted and attack them for weeks over their religion.Hillary Clinton: (16:51)He never apologized to the distinguished federal judge who was born in Indiana.",-0.9173,0.022378913738019174,129,107,30,26,23,20,15,9,5,5,4,2,2,1,1,0,0,0,112,111,90
2,"""Donald Trump vs. Hillary Clinton 1st Presidential Debate Transcript 2016 (Sep 26, 2016)""",from Trump declaring his candidacy in 2016 through the end of his presidency in 2020,Topic_5,0.782045892575791,"job, trump, american, tax, company, work, trade, bring, make, new",analysis_results\ner\transcript_2_ner.csv,analysis_results\sentiment\transcript_2_sentiment.csv,analysis_results\topics\transcript_2_topic.txt,"We need to have strong growth, fair growth, sustained growth.",0.9081,"And remember where we were eight years ago, we had the worst financial crisis, the great recession, the worst since the 1930s.",-0.9001,0.05335156249999999,95,83,38,27,26,11,12,4,7,15,0,1,1,1,0,1,1,0,110,135,75
3,"""Donald Trump's Victory Speech (2016)""",from Trump declaring his candidacy in 2016 through the end of his presidency in 2020,Topic_2,0.8527673505681306,"great, say, really, right, year, good, got, make, thing, job",analysis_results\ner\transcript_3_ner.csv,analysis_results\sentiment\transcript_3_sentiment.csv,analysis_results\topics\transcript_3_topic.txt,"As I've said from the beginning, ours was not a campaign, but rather an incredible and great movement made up of millions of hardworking men and women who love their country and want a better, brighter future for themselves and for their family.",0.9688,This political stuff is nasty and it's tough.,-0.6249,0.2471578703703704,43,5,6,4,13,7,5,8,0,0,0,0,0,0,0,0,0,0,110,93,13
4,"""Donald Trump's Speech on Law and Order in Milwaukee""",from Trump declaring his candidacy in 2016 through the end of his presidency in 2020,Topic_5,0.9994711694828786,"job, trump, american, tax, company, work, trade, bring, make, new",analysis_results\ner\transcript_4_ner.csv,analysis_results\sentiment\transcript_4_sentiment.csv,analysis_results\topics\transcript_4_topic.txt,"We will only invite people to join our country who share our tolerant values, who support our Constitution, and who love all of our people.",0.9403,"Most importantly, she has very, very bad judgment, bad judgment on terrorism, bad judgment on foreign policy, bad judgment on trade.",-0.9652,0.030897323600973237,28,26,22,83,56,39,6,14,9,3,2,0,0,3,0,0,0,0,143,165,103
5,"""Donald Trump's entire speech at the Al Smith dinner (Oct 20, 2016)""",from Trump declaring his candidacy in 2016 through the end of his presidency in 2020,Topic_2,0.6890269837004416,"great, say, really, right, year, good, got, make, thing, job",analysis_results\ner\transcript_5_ner.csv,analysis_results\sentiment\transcript_5_sentiment.csv,analysis_results\topics\transcript_5_topic.txt,"It's great to be here with a thousand wonderful people, or as I call it, a small intimate dinner with some friends, or as Hillary calls it, her largest crowd of the season.",0.8979,"But then suddenly decided when I ran for president as a Republican that I've always been a no good, rotten, disgusting scoundrel.",-0.8402,0.18349177215189874,40,6,11,12,10,6,14,1,0,2,0,0,2,2,0,0,0,0,81,55,22
6,"""Donald Trump's Speech in St. Augustine, Florida""",from Trump declaring his candidacy in 2016 through the end of his presidency in 2020,Topic_1,0.6894391599613905,"great, right, say, year, got, good, border, president, way, american",analysis_results\ner\transcript_6_ner.csv,analysis_results\sentiment\transcript_6_sentiment.csv,analysis_results\topics\transcript_6_topic.txt,"and I was just informed yesterday that Justice Scalia's wife who I hear is a great lady has a Trump sign on her front law of the house I love that, thank you I love that I will end the wasteful government spending and hold the bureaucrats totally accountable.",0.9607,"Josh, a student in high school, was tortured, strangled and beaten to death by an illegal immigrant and then his body was set on fire I've also met Julie and you have to see the family of Josh I said, does time make it better?",-0.9509,0.04342200357781753,61,39,39,59,53,28,1,22,6,8,6,2,0,2,3,0,0,0,174,244,141
7,"""Donald Trump's Speech on Climate, Trade, and Campaign Strategy""",the many years Trump was in the public eye prior to declaring his candidacy in 2016,Topic_2,0.9982045319413339,"great, say, really, right, year, good, got, make, thing, job",analysis_results\ner\transcript_7_ner.csv,analysis_results\sentiment\transcript_7_sentiment.csv,analysis_results\topics\transcript_7_topic.txt,"""He's a very liberal guy and we actually you know have the rights to the song through whatever mechanism it is but i wouldn't do it you know he called me i spoke to him two days ago he called me up nothing to do with the song he called me to say hello i love neil young and he loves me we have a great relationship but our politics are exactly the opposite.""",0.9612,The debt and the difficult problems that they have going on in Wisconsin that a lot of people don't understand and know about.,-0.7717,0.07913422818791946,15,8,5,5,9,0,0,4,0,2,0,0,1,0,1,0,0,0,45,79,25
8,"""Donald Trump's Victory Speech (2016)""",from Trump declaring his candidacy in 2016 through the end of his presidency in 2020,Topic_2,0.8463188350135653,"great, say, really, right, year, good, got, make, thing, job",analysis_results\ner\transcript_8_ner.csv,analysis_results\sentiment\transcript_8_sentiment.csv,analysis_results\topics\transcript_8_topic.txt,"As I've said from the beginning, ours was not a campaign, but rather an incredible and great movement made up of millions of hardworking men and women who love their country and want a better, brighter future for themselves and for their family.",0.9688,This political stuff is nasty and it's tough.,-0.6249,0.2504668269230769,41,5,6,5,11,8,5,8,0,0,0,0,0,0,0,0,0,0,108,86,14
9,"""Donald Trump's Acceptance Speech at the Republican National Convention (2016)""",from Trump declaring his candidacy in 2016 through the end of his presidency in 2020,Topic_1,0.4343373614144034,"great, right, say, year, got, good, border, president, way, american",analysis_results\ner\transcript_9_ner.csv,analysis_results\sentiment\transcript_9_sentiment.csv,analysis_results\topics\transcript_9_topic.txt,"She was also one of the most honest and charitable people that I have ever known, and a great, great judge of character.",0.9409,"Where was the sanctuary for all of the other Americans who have been so brutally murdered and who have suffered so, so horribly.",-0.9582,0.02855925925925927,39,36,43,29,110,42,13,9,9,10,2,2,0,2,0,0,0,0,155,127,123
11,"""Donald Trump's Speech in New Hampshire (2016)""",from Trump declaring his candidacy in 2016 through the end of his presidency in 2020,Topic_1,0.6849744485525813,"great, right, say, year, got, good, border, president, way, american",analysis_results\ner\transcript_11_ner.csv,analysis_results\sentiment\transcript_11_sentiment.csv,analysis_results\topics\transcript_11_topic.txt,"We're also going to, very importantly, appoint justices to the Supreme Court who you can be proud of and who will respect the Constitution of the United States.",0.9348,"Not only will the wall keep out the dangerous cartels and criminals, but it will also keep out the drugs — remember New Hampshire — and the heroin poisoning our youth.",-0.9313,0.06113812949640288,56,35,29,71,82,24,3,5,18,11,3,2,0,3,0,1,3,0,191,245,120
12,"""Donald Trump's Inaugural Address (Jan 20, 2017)""",from Trump declaring his candidacy in 2016 through the end of his presidency in 2020,Topic_3,0.6371788699990388,"nation, american, world, great, new, year, country, today, citizen, future",analysis_results\ner\transcript_12_ner.csv,analysis_results\sentiment\transcript_12_sentiment.csv,analysis_results\topics\transcript_12_topic.txt,"We all enjoy the same glorious freedoms, and we all salute the same great American flag.",0.9287,And the crime and the gangs and the drugs that have stolen too many lives and robbed our country of so much unrealized potential.,-0.7717,0.21274601769911503,10,6,11,0,24,18,2,4,0,1,0,2,0,0,1,1,0,0,60,34,19
13,"""Donald Trump's Speech on U.S.-Israel Relations and Iran Policy""",from Trump declaring his candidacy in 2016 through the end of his presidency in 2020,Topic_4,0.9990492479454113,"deal, president, believe, state, happen, palestinian, come, terror, problem, really",analysis_results\ner\transcript_13_ner.csv,analysis_results\sentiment\transcript_13_sentiment.csv,analysis_results\topics\transcript_13_topic.txt,"But when the United States stands with Israel, the chances of peace really rise and rises exponentially.",0.8922,"And in the West Bank, they're openly offering Palestinians $7,000 per terror attack and $30,000 for every Palestinian terrorist home that's been destroyed.",-0.9371,0.017012195121951217,14,13,20,19,92,24,1,4,3,6,0,7,0,2,0,3,0,2,81,64,60
14,"""Donald Trump's Speech in Ohio: Rally for Change and Repeal of Obamacare""",from Trump declaring his candidacy in 2016 through the end of his presidency in 2020,Topic_1,0.7734855874050389,"great, right, say, year, got, good, border, president, way, american",analysis_results\ner\transcript_14_ner.csv,analysis_results\sentiment\transcript_14_sentiment.csv,analysis_results\topics\transcript_14_topic.txt,"Save the Second Amendment, which is under siege, and appoint justices to the United States Supreme and to appoint justices to the United States Supreme Court who will uphold and defend the Constitution of the United States.",0.9571,"Then there was the case of 90-year-old Earl Olander, a Minnesota farmer who was brutally beaten by illegal immigrants and left to bleed to death in his own house.",-0.936,0.04682917466410749,44,48,35,50,64,28,1,4,17,5,2,9,2,1,0,2,2,0,159,244,118
15,"""Donald Trump's Presidential Announcement Speech at Trump Tower""",from Trump declaring his candidacy in 2016 through the end of his presidency in 2020,Topic_2,0.9995636447180201,"great, say, really, right, year, good, got, make, thing, job",analysis_results\ner\transcript_15_ner.csv,analysis_results\sentiment\transcript_15_sentiment.csv,analysis_results\topics\transcript_15_topic.txt,"You know, all of my life, I've heard that a truly successful person, a really, really successful person, and even modestly successful, cannot run for public office.",0.936,"Through stupidity, in a very, very hardcore prison, interestingly named Clinton, two vicious murderers, two vicious people escaped.",-0.9198,0.05144174496644296,36,46,35,33,96,8,4,5,4,24,2,8,2,6,3,0,0,0,211,396,138
18,"""Donald Trump's Speech on U.S.-Israel Relations and Iran Policy""",from Trump declaring his candidacy in 2016 through the end of his presidency in 2020,Topic_4,0.9990508753371973,"deal, president, believe, state, happen, palestinian, come, terror, problem, really",analysis_results\ner\transcript_18_ner.csv,analysis_results\sentiment\transcript_18_sentiment.csv,analysis_results\topics\transcript_18_topic.txt,"But when the United States stands with Israel, the chances of peace really rise and rises exponentially.",0.8922,"Iran is a problem in Iraq, a problem in Syria, a problem in Lebanon, a problem in Yemen, and will be a very, very major problem for Saudi Arabia.",-0.91,0.02432877358490566,15,13,20,19,92,24,3,4,3,6,0,7,0,2,0,3,0,2,84,68,60
20,"""Donald Trump's Speech in Michigan (Nov 8, 2016)""",from Trump declaring his candidacy in 2016 through the end of his presidency in 2020,Topic_5,0.550668280145361,"job, trump, american, tax, company, work, trade, bring, make, new",analysis_results\ner\transcript_20_ner.csv,analysis_results\sentiment\transcript_20_sentiment.csv,analysis_results\topics\transcript_20_topic.txt,"American values and cultures will be cherished, and I mean cherished, and celebrated once again.",0.9186,"(33:22)Hillary Clinton is a legacy of death, destruction and terrorism.",-0.9217,0.051860060060060074,35,61,30,53,62,36,1,7,7,7,1,5,0,0,0,2,0,0,115,147,71
21,"""Donald Trump's Speech at the Second Annual Salute to America (Jul 4, 2020)""",from Trump declaring his candidacy in 2016 through the end of his presidency in 2020,Topic_3,0.5010053198592049,"nation, american, world, great, new, year, country, today, citizen, future",analysis_results\ner\transcript_21_ner.csv,analysis_results\sentiment\transcript_21_sentiment.csv,analysis_results\topics\transcript_21_topic.txt,"Our goal is not to destroy the greatest structure on earth, what we have built, the United States of America, to build a future where every family is safe, where every child is surrounded by love, where every community has equal opportunity and every citizen enjoys great and everlasting dignity.",0.9832,"Those that are lying about our history, those who want us to be ashamed of who we are are not interested in justice or in healing.",-0.8816,0.32003548387096775,39,38,30,10,28,29,5,10,1,3,0,4,1,2,1,0,3,0,121,37,28
22,"""Donald Trump's Election Night Speech (2020)""",from Trump declaring his candidacy in 2016 through the end of his presidency in 2020,Topic_1,0.9975595331907489,"great, right, say, year, got, good, border, president, way, american",analysis_results\ner\transcript_22_ner.csv,analysis_results\sentiment\transcript_22_sentiment.csv,analysis_results\topics\transcript_22_topic.txt,"But I really believe with all of my heart, with the extraordinary margins, Mr. President, that you’ve inspired in the states that you just described, and the way that you launched this movement across the country to make America great again, I truly do believe as you do that we are on the road to victory and we will make America great again, again.",0.9726,(07:28)This is a fraud on the American public.,-0.5859,0.25033583333333337,6,15,2,3,29,3,5,1,9,2,0,0,2,1,0,0,0,0,65,45,10
23,"""Donald Trump's Acceptance Speech for Presidential Nomination (2020)""",from Trump declaring his candidacy in 2016 through the end of his presidency in 2020,Topic_1,0.6407135349333384,"great, right, say, year, got, good, border, president, way, american",analysis_results\ner\transcript_23_ner.csv,analysis_results\sentiment\transcript_23_sentiment.csv,analysis_results\topics\transcript_23_topic.txt,"Thank you, Karen.President

(06:05)My fellow Americans, tonight, with a heart full of gratitude and boundless optimism, I profoundly accept this nomination for President of the United States.President

(06:44)The Republican Party, the party of Abraham Lincoln, goes forward united, determined, and ready to welcome millions of Democrats, independents, and anyone who believes in the greatness of America and the righteous heart of the American people.President

(07:11)In the new term as president, we will again build the greatest economy in history, quickly returning to full employment, soaring incomes and record prosperity.",0.9861,"Democrat leaders talk about moral decency, but they have no problem with stopping a baby’s beating heart in the ninth month of pregnancy.",-0.9052,0.12109936507936507,72,62,46,50,102,48,17,13,5,10,3,9,1,4,1,2,5,0,153,83,79
24,"""Donald Trump's Speech at the Council for National Policy (Date Not Specified)""",from Trump declaring his candidacy in 2016 through the end of his presidency in 2020,Topic_1,0.7334131098900583,"great, right, say, year, got, good, border, president, way, american",analysis_results\ner\transcript_24_ner.csv,analysis_results\sentiment\transcript_24_sentiment.csv,analysis_results\topics\transcript_24_topic.txt,"Thank you very much.President

(02:20)Together we’re committed to protecting the American people, preserving American values, defending America’s heritage and keeping America safe, strong, prosperous, and free.",0.9578,"But if they get in, they will absolutely either obliterate it to a point of no return or actually terminate it and I have no doubt about it.",-0.9395,0.06374722838137471,29,63,72,34,81,23,1,6,8,7,4,7,3,2,1,3,0,0,145,224,82
25,"""Donald Trump Speech in Tupelo, Mississippi""",from Trump declaring his candidacy in 2016 through the end of his presidency in 2020,Topic_1,0.7242038905855742,"great, right, say, year, got, good, border, president, way, american",analysis_results\ner\transcript_25_ner.csv,analysis_results\sentiment\transcript_25_sentiment.csv,analysis_results\topics\transcript_25_topic.txt,"But Tate Reeves, who Phil endorses and views as a champion for your state and, really, a champion for Mississippi values.",0.9604,"19 minutes after I took the oath of office, the horrible newspaper, fake, fake, fake Washington Post, declared, “The campaign to impeach President Trump has just begun.” At least they gave us 19 minutes.",-0.9153,0.059796209386281586,96,78,39,41,68,34,15,7,5,20,1,2,2,3,3,0,1,0,176,262,116
26,"""Donald Trump Speech in Minnesota (Date Not Specified)""",from Trump declaring his candidacy in 2016 through the end of his presidency in 2020,Topic_1,0.716583492845739,"great, right, say, year, got, good, border, president, way, american",analysis_results\ner\transcript_26_ner.csv,analysis_results\sentiment\transcript_26_sentiment.csv,analysis_results\topics\transcript_26_topic.txt,"(28:14)Think of it, a president of the United States who’s made our economy, with a lot of help from all of you, frankly, but from Mike and from some of our great senators and some of our great people that we have with us, we made this the strongest economy in our history.",0.9633,"But they smear you, they spy on you, and they target your friends, your family, your staff for harassment, for abuse, for destruction.",-0.9493,0.08340238611713667,88,58,34,13,67,23,9,4,3,13,2,2,1,0,3,0,0,0,169,199,93
27,"""Donald Trump's Speech in Cincinnati, Ohio""",from Trump declaring his candidacy in 2016 through the end of his presidency in 2020,Topic_1,0.9087446935019479,"great, right, say, year, got, good, border, president, way, american",analysis_results\ner\transcript_27_ner.csv,analysis_results\sentiment\transcript_27_sentiment.csv,analysis_results\topics\transcript_27_topic.txt,"Do you think they’re going to put great citizens… they have great citizens, they have great people like we have great people.",0.9633,"After sanctuary city in New Jersey released an alien charged with domestic violence, he was arrested in Missouri for the murders of three people.",-0.9186,0.0851418215613383,59,77,44,26,116,58,10,7,13,11,0,1,0,3,1,3,0,0,204,223,111
28,"""Donald Trump's Speech at the Virginia General Assembly (2019)""",from Trump declaring his candidacy in 2016 through the end of his presidency in 2020,Topic_3,0.8714010027658806,"nation, american, world, great, new, year, country, today, citizen, future",analysis_results\ner\transcript_28_ner.csv,analysis_results\sentiment\transcript_28_sentiment.csv,analysis_results\topics\transcript_28_topic.txt,"(20:19)Above all, we must be proud of our heritage, united in our purpose, and filled with confidence in our shared great, great, great American destiny.",0.9747,"Yet, it would ultimately take a civil war, 85 years after that document was signed, to abolish the evil of slavery.",-0.9337,0.28341511627906973,40,36,35,15,42,22,2,12,0,0,1,9,2,2,2,0,1,4,103,51,18
33,"""Donald Trump Speech in Pennsylvania on American Energy and Manufacturing""",from Trump declaring his candidacy in 2016 through the end of his presidency in 2020,Topic_1,0.7802650930248477,"great, right, say, year, got, good, border, president, way, american",analysis_results\ner\transcript_33_ner.csv,analysis_results\sentiment\transcript_33_sentiment.csv,analysis_results\topics\transcript_33_topic.txt,"(34:11)I actually think this time we have a good chance of winning Virginia, which is a tough one to win, because you know you have some people there that maybe don’t agree with us, but I think we have a really good chance of Virginia, too, which is something that hasn’t been won by a Republican in a long time.",0.9581,"I said that with African Americans, they had the worst crime rates, the worst education, the worst everything.",-0.9501,0.14572550831792977,69,51,52,38,80,20,4,5,5,7,0,3,0,1,0,3,2,0,237,220,84
34,"""Donald Trump Speech in Greenville, North Carolina""",from Trump declaring his candidacy in 2016 through the end of his presidency in 2020,Topic_1,0.9995447577483338,"great, right, say, year, got, good, border, president, way, american",analysis_results\ner\transcript_34_ner.csv,analysis_results\sentiment\transcript_34_sentiment.csv,analysis_results\topics\transcript_34_topic.txt,"But we’re building a lot of wall and we hope if we can win that final one, it’s so important it’s going before the Supreme Court, we’ll have over 400 miles of wall built by the end of next year.",0.9584,"She’s conducted outrageous attacks against men and women of law enforcement, she compared American border agents managing a humanitarian crisis, that I always said was a humanitarian crisis, and they said it was manufactured.",-0.9337,0.06295441176470588,64,78,45,34,86,43,10,15,7,6,0,3,2,0,0,1,2,0,179,170,127
35,"""Donald Trump's Speech at the United Nations General Assembly (2018)""",from Trump declaring his candidacy in 2016 through the end of his presidency in 2020,Topic_3,0.9994635776729631,"nation, american, world, great, new, year, country, today, citizen, future",analysis_results\ner\transcript_35_ner.csv,analysis_results\sentiment\transcript_35_sentiment.csv,analysis_results\topics\transcript_35_topic.txt,"Our task is not to erase it, but to embrace it, to build with it, to draw on its ancient wisdom, and to find within it the will to make our nations greater, our regions safer, and the world better.",0.9604,"Illegal immigration exploits vulnerable populations, hurts hardworking citizens, and has produced a vicious cycle of crime, violence, and poverty.",-0.9732,0.16912688679245283,16,7,22,25,97,18,1,1,2,7,0,12,0,0,0,0,0,0,116,33,63
36,"""Donald Trump's Speech at the United Nations General Assembly""",from Trump declaring his candidacy in 2016 through the end of his presidency in 2020,Topic_3,0.9994803332598301,"nation, american, world, great, new, year, country, today, citizen, future",analysis_results\ner\transcript_36_ner.csv,analysis_results\sentiment\transcript_36_sentiment.csv,analysis_results\topics\transcript_36_topic.txt,"Our task is not to erase it, but to embrace it, to build with it, to draw on its ancient wisdom and to find within it the will to make our nations greater, our regions safer, and the world better.",0.9604,"Illegal immigration exploits vulnerable populations, hurts hardworking citizens, and has produced a vicious cycle of crime, violence, and poverty.",-0.9732,0.16388545454545456,16,8,26,24,97,20,0,1,2,10,0,14,0,0,0,0,0,0,120,36,64
38,"""Donald Trump's Speech at the World Economic Forum""",from Trump declaring his candidacy in 2016 through the end of his presidency in 2020,Topic_3,0.703212435663968,"nation, american, world, great, new, year, country, today, citizen, future",analysis_results\ner\transcript_38_ner.csv,analysis_results\sentiment\transcript_38_sentiment.csv,analysis_results\topics\transcript_38_topic.txt,"Over the past year, we have made extraordinary strides in the U.S. We're lifting up forgotten communities, creating exciting new opportunities, and helping every American find their path to the American dream, the dream of a great job, a safe home, and a better life for their children.",0.9648,"The United States is leading a very broad coalition to deny terrorists control of their territory and populations, to cut off their funding, and to discredit their wicked ideology.",-0.8481,0.18865182186234822,13,24,25,14,51,17,5,6,7,13,0,1,1,0,0,0,0,0,122,72,53
39,"""Donald Trump Speech in Montana""",from Trump declaring his candidacy in 2016 through the end of his presidency in 2020,Topic_1,0.7522532497249383,"great, right, say, year, got, good, border, president, way, american",analysis_results\ner\transcript_39_ner.csv,analysis_results\sentiment\transcript_39_sentiment.csv,analysis_results\topics\transcript_39_topic.txt,"You know, the only way you're never going to have to use it, if it's so powerful, so good, so strong, that nobody wants to play games.",0.9399,"You don't have some senator that was forced out of office because he didn't like me saying bad things like, oh, we shouldn't be doing that against China.",-0.8664,0.08714016597510374,94,66,63,74,132,45,16,13,17,36,4,9,5,5,0,2,0,0,420,562,223
40,"""Donald Trump's Commencement Address at Liberty University (May 13, 2017)""",from Trump declaring his candidacy in 2016 through the end of his presidency in 2020,Topic_1,0.36510309424370846,"great, right, say, year, got, good, border, president, way, american",analysis_results\ner\transcript_40_ner.csv,analysis_results\sentiment\transcript_40_sentiment.csv,analysis_results\topics\transcript_40_topic.txt,"Just think for a moment of how blessed you are to be here today at this great, great university, living in this amazing country surrounded by people who you love and care about so much.",0.9809,He was the victim of starvation and torture as a prisoner of war.,-0.9246,0.30171369047619045,75,12,45,20,18,8,1,3,0,0,0,1,0,2,2,2,2,0,203,99,34
41,"""Donald Trump's Speech at the Air Force Academy Graduation (2019)""",from Trump declaring his candidacy in 2016 through the end of his presidency in 2020,Topic_2,0.6705026529814739,"great, say, really, right, year, good, got, make, thing, job",analysis_results\ner\transcript_41_ner.csv,analysis_results\sentiment\transcript_41_sentiment.csv,analysis_results\topics\transcript_41_topic.txt,So I want to conclude by giving a very special congratulations to a very special group of amazing cadets and people.,0.9513,Lieutenant General Silveria has informed me that a few cadets are still on restriction for pranks and other fairly bad mischief.,-0.7964,0.2364391691394659,42,27,27,28,22,18,1,8,1,3,0,3,4,0,0,1,0,0,183,120,34
42,"""Donald Trump's Speech at NATO Headquarters on Terrorism and Defense Contributions""",from Trump declaring his candidacy in 2016 through the end of his presidency in 2020,Topic_3,0.5868151851072572,"nation, american, world, great, new, year, country, today, citizen, future",analysis_results\ner\transcript_42_ner.csv,analysis_results\sentiment\transcript_42_sentiment.csv,analysis_results\topics\transcript_42_topic.txt,"This twisted mass of metal reminds us not only of what we have lost, but also what forever endures, the courage of our people, the strength of our resolve, and the commitments that bind us together as one.",0.9201,"We remember and mourn those nearly 3,000 innocent people who were brutally murdered by terrorists on September 11th, 2001.",-0.9313,-0.06128599999999999,5,7,10,11,7,3,0,1,3,2,1,2,0,1,0,0,0,0,21,5,24
43,"""Donald Trump's Presidential Announcement Speech (Jun 16, 2015)""",from Trump declaring his candidacy in 2016 through the end of his presidency in 2020,Topic_1,0.5326480619958716,"great, right, say, year, got, good, border, president, way, american",analysis_results\ner\transcript_43_ner.csv,analysis_results\sentiment\transcript_43_sentiment.csv,analysis_results\topics\transcript_43_topic.txt,I will totally accept the results of this great and historic presidential election if I win.,0.9112,"Death, destruction, terrorism, and weakness.",-0.9432,0.021150583657587554,33,4,6,12,13,3,1,1,1,0,0,1,0,2,0,1,0,0,75,123,59
45,"""Donald Trump Speech on Economic Concerns and Upcoming Debates""",from January 2021 to November 2022,Topic_1,0.9053951270615993,"great, right, say, year, got, good, border, president, way, american",analysis_results\ner\transcript_45_ner.csv,analysis_results\sentiment\transcript_45_sentiment.csv,analysis_results\topics\transcript_45_topic.txt,"It could be that I’ll be affected somewhat with Black females, but we’re doing pretty well, and I think ultimately, they’ll like me better because I’m going to give them security, safety and jobs.",0.9664,"He can’t stand trial, but he can run for president,” but we no longer have to worry about that because we have somebody that in my opinion is more incompetent.",-0.905,0.0646840206185567,49,63,36,27,65,13,5,12,2,3,2,3,0,2,1,0,1,0,154,137,97
46,"""Donald Trump's State of the Union Address on Biden's Presidency""",from January 2021 to November 2022,Topic_1,0.992497044655712,"great, right, say, year, got, good, border, president, way, american",analysis_results\ner\transcript_46_ner.csv,analysis_results\sentiment\transcript_46_sentiment.csv,analysis_results\topics\transcript_46_topic.txt,"And the typical American family is paying $2,200 in increased energy and food costs each year.",0.4939,"Savage killers, rapists and violent criminals are being released from jail to continue their crime wave.",-0.9741,-0.22952222222222218,4,1,3,1,2,3,0,1,0,4,0,0,0,0,0,0,1,0,5,3,10
47,"""Donald Trump Speech in Alabama (Date Not Specified)""",from January 2021 to November 2022,Topic_1,0.6654106209436188,"great, right, say, year, got, good, border, president, way, american",analysis_results\ner\transcript_47_ner.csv,analysis_results\sentiment\transcript_47_sentiment.csv,analysis_results\topics\transcript_47_topic.txt,"She was the greatest.” And I’d say to the general and the colonel that ran Dover, the great people… We have great, by the way, we have great generals.",0.9231,I predicted that he would unleash a wave of violent crime that would turn our cities into a nightmare of killing and bloodshed.,-0.9153,0.03278069852941176,45,57,31,24,87,14,4,8,2,11,0,8,1,4,0,3,1,1,160,252,132
48,"""Donald Trump Speech on Afghanistan Withdrawal and National Security""",from January 2021 to November 2022,Topic_2,0.5613242950481315,"great, say, really, right, year, good, got, make, thing, job",analysis_results\ner\transcript_48_ner.csv,analysis_results\sentiment\transcript_48_sentiment.csv,analysis_results\topics\transcript_48_topic.txt,"But I had a very good relationship and we met at-

(20:03)They weren’t happy, but I had a very good relationship, and we met at Mar-a-Lago, and I told him very strongly, “Do not do anything having to do with Taiwan.",0.9566,"But this is not a story that just ended today or yesterday, this is a story that’s going to go on for a long time, and it could be a very, very bad ending.Sean Hannity: (24:01)We have Americans caught behind enemy lines right now, and we were told this could never happen, and it happened.",-0.9073,0.025617676767676772,67,67,38,48,83,29,5,7,10,18,0,8,1,3,1,2,0,0,127,162,107
49,"""Donald Trump's Speech on Election Integrity in Phoenix, Arizona""",from January 2021 to November 2022,Topic_1,0.9570690859616574,"great, right, say, year, got, good, border, president, way, american",analysis_results\ner\transcript_49_ner.csv,analysis_results\sentiment\transcript_49_sentiment.csv,analysis_results\topics\transcript_49_topic.txt,"But Sonny, you’re really an amazing guy and a brave guy and a strong smart guy.",0.9648,"Another one would come up a month later, “Sir, do you have anything to do with Russia?” “No, I never even thought of it.” But after I got asked that question four or five times, I said, “What the hell is going on with the Russia?” And it was a fake deal made up by Hillary Clinton with a fake dossier where they pay.",-0.9563,0.06021001615508885,87,88,30,18,72,20,5,4,8,9,0,3,0,0,1,2,0,0,193,299,127
50,"""Donald Trump's Speech at CPAC in Texas""",from January 2021 to November 2022,Topic_1,0.8205273423653958,"great, right, say, year, got, good, border, president, way, american",analysis_results\ner\transcript_50_ner.csv,analysis_results\sentiment\transcript_50_sentiment.csv,analysis_results\topics\transcript_50_topic.txt,"Devin always knows who to sit next to, but Devin received the Presidential Medal of Freedom, along with Jim Jordan of Ohio for the incredible courage they showed.",0.9455,"When I was president, illegal alien criminals knew that if they trespassed across our border, they would be caught, they would be detained, and they would be sent to jail, or we would send them the hell back to where they came from.",-0.9393,0.027540178571428577,80,63,31,40,83,42,0,4,15,1,3,5,6,0,0,1,0,0,179,253,128
51,"""Donald Trump Announces Class Action Lawsuit Against Big Tech Censorship""",from January 2021 to November 2022,Topic_2,0.7577010298155544,"great, say, really, right, year, good, got, make, thing, job",analysis_results\ner\transcript_51_ner.csv,analysis_results\sentiment\transcript_51_sentiment.csv,analysis_results\topics\transcript_51_topic.txt,"I just want to say that I stand before you this morning to announce a very important and very beautiful, I think, development for our freedom and our freedom of speech, and that goes to all Americans.",0.9431,"(37:25)The timing just seemed to be right, because they’ve been so abusive, so bad what they’ve done.",-0.904,0.04719975903614458,50,68,31,46,36,22,5,9,2,5,9,1,1,0,1,1,0,0,146,168,101
52,"""Donald Trump Speech at Ohio Rally for 2022 Election (Date Not Specified)""",from January 2021 to November 2022,Topic_1,0.8854966366830141,"great, right, say, year, got, good, border, president, way, american",analysis_results\ner\transcript_52_ner.csv,analysis_results\sentiment\transcript_52_sentiment.csv,analysis_results\topics\transcript_52_topic.txt,"(24:36)If you care about the security of your family, if you care about the safety of your community, if you care about law and order, law and order in the great state of Ohio.",0.9578,"Just this month, a previously deported illegal alien in Massachusetts, with prior charges for murder and many other things, gunned down a man in broad daylight, shooting him viciously and violently, as he lay in the street, four times.",-0.9477,0.03841379310344827,85,68,50,25,94,20,8,12,1,3,1,6,7,1,0,1,0,0,178,293,138
53,"""Donald Trump's Speech in Greenville, North Carolina""",from January 2021 to November 2022,Topic_1,0.7806219847852061,"great, right, say, year, got, good, border, president, way, american",analysis_results\ner\transcript_53_ner.csv,analysis_results\sentiment\transcript_53_sentiment.csv,analysis_results\topics\transcript_53_topic.txt,"(06:12)With us, this evening are many outstanding North Carolina Republican leaders who are fighting right by our side, including one of the strongest and bravest new voices in the Republican party, has been a great supporter of mine and I’m a great supporter of his, your incredible Lieutenant Governor Mark Robinson.",0.9712,"Biden has halted wall construction, suspended removals, and even removals of just horrible, horrible people, stopped enforcement, shredded our groundbreaking remain in Mexico.",-0.9001,0.13116782077393077,86,61,39,24,69,29,10,4,8,8,0,5,1,2,0,3,0,0,221,171,99
54,"""Donald Trump's Speech at CPAC (2021)""",from January 2021 to November 2022,Topic_1,0.9268673173929569,"great, right, say, year, got, good, border, president, way, american",analysis_results\ner\transcript_54_ner.csv,analysis_results\sentiment\transcript_54_sentiment.csv,analysis_results\topics\transcript_54_topic.txt,(03:39)I also want to pay my love and respect to the great Rush Limbaugh who is watching closely and smiling down on us.,0.936,"(10:11)Perhaps worst of all, Joe Biden’s decision to cancel border security has single-handedly launched a youth migrant crisis that is enriching child smugglers, vicious criminal cartels, and some of the most evil people on the planet.",-0.9652,0.013692484342379956,48,77,37,39,63,28,2,8,8,10,4,2,2,1,0,1,0,0,147,187,145
55,"""Donald Trump's Farewell Speech to Supporters""",from January 2021 to November 2022,Topic_2,0.561424884757689,"great, say, really, right, year, good, got, make, thing, job",analysis_results\ner\transcript_55_ner.csv,analysis_results\sentiment\transcript_55_sentiment.csv,analysis_results\topics\transcript_55_topic.txt,I wish the new administration great luck and great success.,0.9559,"We all know where it came from, but it’s a horrible, horrible thing.",-0.8885,0.2602345588235294,21,11,11,8,12,0,0,2,1,0,0,0,0,0,0,0,0,0,75,46,15
56,"""Donald Trump's Farewell Address as 45th President of the United States""",from January 2021 to November 2022,Topic_3,0.6779723765152238,"nation, american, world, great, new, year, country, today, citizen, future",analysis_results\ner\transcript_56_ner.csv,analysis_results\sentiment\transcript_56_sentiment.csv,analysis_results\topics\transcript_56_topic.txt,"I go from this majestic place with a loyal and joyful heart, an optimistic spirit, and a supreme confidence that for our country and for our children, the best is yet to come.",0.9686,"We grieve for every life lost and we pledge in their memory to wipe out this horrible pandemic once and for all.President

(08:20)When the virus took its brutal toll on the world’s economy, we launched the fastest economic recovery our country has ever seen.",-0.9122,0.31398533333333334,11,33,17,20,51,35,2,9,0,5,1,5,1,2,0,1,0,0,93,31,26
57,"""Donald Trump's Address on Capitol Violence and Unity""",from January 2021 to November 2022,Topic_3,0.7200970733926264,"nation, american, world, great, new, year, country, today, citizen, future",analysis_results\ner\transcript_57_ner.csv,analysis_results\sentiment\transcript_57_sentiment.csv,analysis_results\topics\transcript_57_topic.txt,"(00:35)Making America Great Again has always been about defending the rule of law, supporting the men and women of law enforcement and upholding our nation’s most sacred traditions and values.",0.8658,"The efforts to censor, cancel and blacklist our fellow citizens are wrong and they are dangerous.",-0.8807,-0.027259999999999996,1,4,8,4,6,10,1,0,0,1,1,0,0,1,0,0,0,0,14,7,19
58,"""Donald Trump's Speech on Border Security and Infrastructure in the Rio Grande Valley""",from January 2021 to November 2022,Topic_1,0.8159276846658841,"great, right, say, year, got, good, border, president, way, american",analysis_results\ner\transcript_58_ner.csv,analysis_results\sentiment\transcript_58_sentiment.csv,analysis_results\topics\transcript_58_topic.txt,"But we should all agree, the-

(24:03)… many disagreements in the country, but we should all agree the urgent need to secure our borders, protect our homeland, and allow law enforcement to fulfill its mission without political interference.",0.9493,"We’ve arrested nearly 500,000 illegal aliens with criminal records, some with very serious criminal records of the type you don’t want to know about, like murder.",-0.9516,0.11730875,11,25,25,19,34,11,3,2,4,2,2,6,0,1,0,10,0,0,109,70,61
59,"""Donald Trump's Speech on Border Security and Impeachment Remarks""",from January 2021 to November 2022,Topic_1,0.8044307730163434,"great, right, say, year, got, good, border, president, way, american",analysis_results\ner\transcript_59_ner.csv,analysis_results\sentiment\transcript_59_sentiment.csv,analysis_results\topics\transcript_59_topic.txt,We have support probably like nobody’s ever seen before.,0.6369,"But I think big tech has made a terrible mistake and very, very bad for our country.",-0.9307,-0.17143181818181816,2,1,2,0,3,2,0,0,0,0,0,0,0,1,0,0,0,0,9,15,20
60,"""Donald Trump's Address on Capitol Attack and Transition of Power""",from January 2021 to November 2022,Topic_3,0.7889396230214312,"nation, american, world, great, new, year, country, today, citizen, future",analysis_results\ner\transcript_60_ner.csv,analysis_results\sentiment\transcript_60_sentiment.csv,analysis_results\topics\transcript_60_topic.txt,I continue to strongly believe that we must reform our election laws to verify the identity and eligibility of all voters and to ensure faith and confidence in all future elections.,0.8689,"Like all Americans, I am outraged by the violence, lawlessness and mayhem.",-0.7269,0.13835,1,5,2,4,4,3,0,0,0,0,0,0,0,1,0,0,0,0,13,7,6
61,"""Donald Trump Speech in Youngstown, Ohio""",from January 2021 to November 2022,Topic_1,0.9995611696988653,"great, right, say, year, got, good, border, president, way, american",analysis_results\ner\transcript_61_ner.csv,analysis_results\sentiment\transcript_61_sentiment.csv,analysis_results\topics\transcript_61_topic.txt,They’re the party of total disinformation with the help of our great Ohio energy workers and coal miners under my leadership.,0.891,"But I said, “They kill 500 people,” so the death penalty is very humane if you look at it, and they destroy families long beyond the 500 people.",-0.9763,-0.03594804347826087,33,92,59,40,85,43,9,18,8,16,0,2,1,0,0,6,0,0,131,182,147
62,"""Donald Trump Speech in Pennsylvania (Date Not Specified)""",from January 2021 to November 2022,Topic_1,0.9995373504678795,"great, right, say, year, got, good, border, president, way, american",analysis_results\ner\transcript_62_ner.csv,analysis_results\sentiment\transcript_62_sentiment.csv,analysis_results\topics\transcript_62_topic.txt,"Nobody was tougher than me, but I also got along with them, and that’s a good thing, getting along with other countries is a good thing, not a bad thing.",0.9157,"They know it’s a fake, and I see Adam Schiff go solemnly to the microphones in the Capitol Building, and stand there, so sad, and say, “Donald Trump Jr. will be going to prison because of what he did with Russia.” Now think of it, he knows the story’s a scam, he knows the story’s a fake, and he wants my son, who’s a good kid, he wants my son to go to prison over something that they made up, that they know is a phony story, and has now been, as they say, fully debunked.",-0.9501,-0.0005812371134020624,57,71,44,40,116,38,8,9,4,9,1,1,1,4,3,1,0,0,133,229,123
63,"""Donald Trump's Speech in Pennsylvania (Date Not Specified)""",from January 2021 to November 2022,Topic_1,0.8712772070015913,"great, right, say, year, got, good, border, president, way, american",analysis_results\ner\transcript_63_ner.csv,analysis_results\sentiment\transcript_63_sentiment.csv,analysis_results\topics\transcript_63_topic.txt,"We spend all this money on this wonderful technology, we bought this beautiful, these great screens.",0.9337,"They failed on testing, they failed on therapeutics, and they imposed horrific mandates, punishing lockdowns, and radical mask regulations.",-0.9423,0.055556613756613756,66,84,41,39,96,22,6,6,4,11,0,8,1,1,3,2,1,0,196,249,122
64,"""Donald Trump Speech in Selma, North Carolina""",from January 2021 to November 2022,Topic_1,0.8505047970168816,"great, right, say, year, got, good, border, president, way, american",analysis_results\ner\transcript_64_ner.csv,analysis_results\sentiment\transcript_64_sentiment.csv,analysis_results\topics\transcript_64_topic.txt,"This is an incredible group of people, great patriots and you love our country and we love Ted for doing this.",0.926,"(32:50)From the border nightmare to the inflation nightmare, from the energy crisis to the violent crime crisis, and from the Afghanistan disaster to the Ukraine disaster, everything we’re seeing is a consequence of this horrible, horrible election.",-0.9861,0.11103595744680851,91,56,48,40,79,40,10,13,3,14,2,1,0,7,0,0,0,0,198,184,88
65,"""Donald Trump Speech on America First and Border Security""",from January 2021 to November 2022,Topic_1,0.9504591415815486,"great, right, say, year, got, good, border, president, way, american",analysis_results\ner\transcript_65_ner.csv,analysis_results\sentiment\transcript_65_sentiment.csv,analysis_results\topics\transcript_65_topic.txt,“I’d like to congratulate sleepy Joe on running a brilliant race from the basement.” Somebody ran a good race.,0.9081,"We struck historic agreements with Mexico and Central American nations to stop illegal immigration and we deported dangerous criminal aliens by the tens of thousands, including MS-13 killers.",-0.9477,0.03127799642218247,72,80,43,23,80,32,4,16,0,2,0,3,2,3,1,3,0,0,173,244,142
67,"""Donald Trump Speech at Doral's Blue Monster Golf Course""",from November 2022 to the present,Topic_1,0.9995595590781717,"great, right, say, year, got, good, border, president, way, american",analysis_results\ner\transcript_67_ner.csv,analysis_results\sentiment\transcript_67_sentiment.csv,analysis_results\topics\transcript_67_topic.txt,"But the Supreme Court came out with an incredible decision this week, and I have great respect for the courage that they’ve shown.",0.9682,"Since Kamala was made border czar, the Biden-Harris administration has lost track of an estimated 150,000 children, many of whom have undoubtedly been raped, trafficked, killed or horribly abused.",-0.959,-0.0018936660268714031,114,52,49,31,67,37,11,8,10,7,0,9,1,3,3,3,1,0,148,226,147
68,"""Donald Trump Speech in Philadelphia (Date Not Specified)""",from November 2022 to the present,Topic_1,0.9995614903755157,"great, right, say, year, got, good, border, president, way, american",analysis_results\ner\transcript_68_ner.csv,analysis_results\sentiment\transcript_68_sentiment.csv,analysis_results\topics\transcript_68_topic.txt,"If I blow it up here though, actually, they take a perfect, brilliant, beautiful statement that I make, I go for two hours without teleprompters, and if I say one word slightly out, they say he’s cognitively impaired.",0.9081,"(15:04)Day after day, week after week, Joe Biden is releasing illegal criminals into our communities to rape, pillage, plunder, and to kill.",-0.9565,0.003095382165605097,91,47,52,39,50,24,9,15,15,13,0,4,0,2,1,3,3,0,179,292,157
69,"""Donald Trump's Speech in Nevada (Date Not Specified)""",from November 2022 to the present,Topic_1,0.9995464969011805,"great, right, say, year, got, good, border, president, way, american",analysis_results\ner\transcript_69_ner.csv,analysis_results\sentiment\transcript_69_sentiment.csv,analysis_results\topics\transcript_69_topic.txt,And I’m proud to be an American(00:11)Where at least I know I’m free(00:11)And I won’t forget the men who died(00:11)Who gave that right to me(00:11)And I’d gladly stand up next to you(00:11)And defend Her still today(00:11)‘Cause there ain’t no doubt(00:11)I love this land(00:11)God Bless the U.S.A. From the lakes of Minnesota(00:53)To the hills of Tennessee(00:57)Across the plains of Texas(01:00)From sea to shining sea(01:03)From Detroit down to Houston(01:06)And New York to L.A.(01:10)Where’s pride in every American heart(01:14)And it’s time we stand and say(01:17)That I’m proud to be an American(01:23)Where at least I know I’m free(01:23)And I won’t forget the men who died(01:23)Who gave that right to me(01:23)And I’d gladly stand up next to you(01:23)And defend Her still today(01:23)‘Cause there ain’t no doubt(01:23)I love this land(01:23)God Bless the U.S.A.(01:23)And I’m proud to be an American(01:23)Where at least I know I’m free(01:23)And I won’t forget the men who died(01:23)Who gave that right to me(01:23)And I’d gladly stand up next to you(01:23)And defend Her still today(01:23)‘Cause there ain’t no doubt(01:23)I love this land(01:23)God Bless the U.S.A.Donald J. Trump (02:32):Thank you.,0.9828,"But he said, “I stood over graves of soldiers” and I said, “These people are suckers and losers.” The dead soldiers from World War I. I said, “This was a made up deal” from a magazine that’s failing financial disaster by a guy that is a horrible radical, left lunatic named Goldberg.",-0.9916,-0.020928596802841915,76,36,46,18,52,11,4,10,10,4,1,2,2,3,1,4,3,0,145,258,160
70,"""Donald Trump Speech in the Bronx, New York""",from November 2022 to the present,Topic_1,0.9136420138681047,"great, right, say, year, got, good, border, president, way, american",analysis_results\ner\transcript_70_ner.csv,analysis_results\sentiment\transcript_70_sentiment.csv,analysis_results\topics\transcript_70_topic.txt,"African American jobs were the best in history, Asian American, the best in history, Hispanic, the best in history, women, people with a diploma, people without a diploma, people that went to the great Wharton School of Finance, MIT, Harvard, they were doing better, and the people that didn’t have a high school diploma were having the… Everybody was better.",0.9735,Such a shame when you see all the people that died of these horrible wars in the Middle East and everything else.,-0.93,0.06451663685152058,41,39,41,34,83,29,21,2,8,19,0,6,0,4,3,9,0,0,186,276,97
71,"""Donald Trump Speech in Richmond, Virginia""",from November 2022 to the present,Topic_1,0.9995425526684303,"great, right, say, year, got, good, border, president, way, american",analysis_results\ner\transcript_71_ner.csv,analysis_results\sentiment\transcript_71_sentiment.csv,analysis_results\topics\transcript_71_topic.txt,"And one of the greatest things was really one aspect of the poll was where they say really great excitement and enthusiasm for the candidate, almost 50%.",0.943,"She was brutally assaulted, horrifically beaten, kidnapped, and savagely murdered almost beyond recognition.",-0.9709,0.00418333333333333,65,43,52,38,88,10,4,5,7,5,3,7,2,5,0,1,0,1,173,270,151
72,"""Donald Trump Speech in Las Vegas (Feb 8, 2024)""",from November 2022 to the present,Topic_1,0.9995484068708708,"great, right, say, year, got, good, border, president, way, american",analysis_results\ner\transcript_72_ner.csv,analysis_results\sentiment\transcript_72_sentiment.csv,analysis_results\topics\transcript_72_topic.txt,"On behalf of all Americans who want a strong and secure border, I want to express our thanks to Governor Greg Abbott and Lieutenant Governor Dan Patrick and the great state of Texas where we right now have about a 40-point lead for rightly invoking the invasion clause of the US Constitution.",0.9231,"Last month in Texas, a savage, illegal alien monster was charged with brutally murdering a 16-year-old Texas high school cheerleader, murdered her, stabbing her 19 times, and leaving her body in a bathtub.",-0.9648,0.07872537067545306,43,58,49,37,90,22,9,8,13,8,2,2,0,1,3,3,2,0,217,272,118
73,"""Donald Trump Speech in Iowa: Taking Back Our Country (Jan 2024)""",from November 2022 to the present,Topic_1,0.9995050641578797,"great, right, say, year, got, good, border, president, way, american",analysis_results\ner\transcript_73_ner.csv,analysis_results\sentiment\transcript_73_sentiment.csv,analysis_results\topics\transcript_73_topic.txt,"(06:18)We’re also really delighted today to have some of the great endorsers and my great friends, State Senators Lynn Evans, Kevin Alons, Jeff Taylor and Brad Zaun.",0.9422,"You better get there.”(03:20)I said, “I’ll get there.” But all the evil and all the sinister people trying to destroy our nation, and that’s what happens.",-0.9535,0.002648884758364314,61,37,55,26,86,32,3,11,2,9,0,8,2,3,1,2,4,0,150,245,143
74,"""Donald Trump Speech in Waterloo, Iowa (Dec 2023)""",from November 2022 to the present,Topic_1,0.9924875312365219,"great, right, say, year, got, good, border, president, way, american",analysis_results\ner\transcript_74_ner.csv,analysis_results\sentiment\transcript_74_sentiment.csv,analysis_results\topics\transcript_74_topic.txt,"(08:28)And I heard somebody today say, one of these genius analysts, “The stock market’s good, the rich get richer, but the stock market’s good because they think Trump is going to win the election.” And I believe that’s true, and whatever good they have right now is the fumes of what we left them.",0.9716,"During this holiday season, families all across America are struggling under the brutal weight of crooked Joe’s failures, disasters, heartless betrayals and inflation.",-0.9325,0.07258351648351649,75,34,61,30,70,38,3,20,13,17,0,4,0,4,5,5,4,0,163,180,112
75,"""Donald Trump Speech in New Hampshire (Dec 2023)""",from November 2022 to the present,Topic_1,0.999545195026472,"great, right, say, year, got, good, border, president, way, american",analysis_results\ner\transcript_75_ner.csv,analysis_results\sentiment\transcript_75_sentiment.csv,analysis_results\topics\transcript_75_topic.txt,"But we have people that would actually say, “No, sir, we want to keep it the way it was.” And which probably means that somebody’s taken pretty good care of them, I’ll be honest with you.",0.9604,"Everything they’re doing, I will kill his insane, very expensive, and horrible and just the dumbest thing I’ve ever heard, electric vehicle mandate.",-0.9378,-0.03426234234234234,56,60,46,36,58,19,2,8,4,13,0,5,2,4,0,1,0,0,151,217,187
76,"""Donald Trump Speech in Reno, Nevada (Dec 2023)""",from November 2022 to the present,Topic_1,0.9995661401040064,"great, right, say, year, got, good, border, president, way, american",analysis_results\ner\transcript_76_ner.csv,analysis_results\sentiment\transcript_76_sentiment.csv,analysis_results\topics\transcript_76_topic.txt,"(05:58)Under our leadership you were safer, your family was safer, your communities were safer, your children were safer, your borders were safer, and your whole country was safer, a lot safer.",0.9559,"Last year, another sadistic, illegal alien murder with a previous criminal record went on the stabbing spree on the Las Vegas strip, killing two people and badly wounding six more badly.",-0.9729,0.03714236983842011,67,62,56,25,70,18,8,17,4,4,3,8,5,2,1,1,2,0,181,236,140
77,"""Donald Trump Speech in New Hampshire (Date Not Specified)""",from November 2022 to the present,Topic_1,0.9995411498162381,"great, right, say, year, got, good, border, president, way, american",analysis_results\ner\transcript_77_ner.csv,analysis_results\sentiment\transcript_77_sentiment.csv,analysis_results\topics\transcript_77_topic.txt,"He sat because of a situation, but he was an elegant, beautiful, eloquent, elegant and eloquent.",0.9398,"Less than one week after, innocent men, women, children, and babies were kidnapped, raped, tortured, slaughtered in the worst terror attack in Israeli history, was the worst in the history actually.",-0.9702,0.024222165820642974,91,13,41,48,100,23,6,12,9,15,0,1,3,2,0,0,7,0,183,261,147
78,"""Donald Trump Speech on Trial Testimony and Political Persecution""",from November 2022 to the present,Topic_1,0.6148925907707833,"great, right, say, year, got, good, border, president, way, american",analysis_results\ner\transcript_78_ner.csv,analysis_results\sentiment\transcript_78_sentiment.csv,analysis_results\topics\transcript_78_topic.txt,"If this weren’t happening, if I weren’t running for president and doing so well, winning, it wouldn’t be happening.",0.7521,Do your own analysis.” So there’s no fraud.,-0.7609,-0.03411707317073171,6,11,6,6,3,1,0,1,0,3,0,0,0,0,0,0,0,0,21,38,23
79,"""Donald Trump Speech Announcing 2024 Presidential Campaign (Location Not Specified)""",from November 2022 to the present,Topic_1,0.954097836280046,"great, right, say, year, got, good, border, president, way, american",analysis_results\ner\transcript_79_ner.csv,analysis_results\sentiment\transcript_79_sentiment.csv,analysis_results\topics\transcript_79_topic.txt,"But when I won, he became one of my best supporters.",0.9493,"Your state lost one in four manufacturing jobs after the NAFTA disaster and China’s entrance into the World Trade Organization, but after years of cruel sellouts by past leaders, I ended NAFTA, the worst trade deal ever, ever made.",-0.9437,0.07747674418604651,67,44,50,64,90,16,5,4,33,24,2,7,0,2,1,1,0,0,190,208,118
80,"""Donald Trump Speech on Biden's Presidency and 2024 Election (2023)""",from November 2022 to the present,Topic_1,0.9962175192032998,"great, right, say, year, got, good, border, president, way, american",analysis_results\ner\transcript_80_ner.csv,analysis_results\sentiment\transcript_80_sentiment.csv,analysis_results\topics\transcript_80_topic.txt,"Together, we will all make America great again.",0.6249,"Biden has totally humiliated our nation on the world stage, starting with the Afghanistan disaster, perhaps the most embarrassing event in the history of our country.",-0.8653,-0.2218613636363637,10,4,7,0,9,6,1,0,0,0,0,0,0,0,0,0,3,0,9,7,28
81,"""Donald Trump's Speech in Texas (Date Not Specified)""",from November 2022 to the present,Topic_1,0.660036465482465,"great, right, say, year, got, good, border, president, way, american",analysis_results\ner\transcript_81_ner.csv,analysis_results\sentiment\transcript_81_sentiment.csv,analysis_results\topics\transcript_81_topic.txt,But I do it again because I love you and I love our country.,0.9274,"But for seven years, you and I have been taking on the corrupt, rotten and sinister forces trying to destroy America.",-0.9481,0.03475519848771266,69,48,40,43,66,31,4,4,2,5,0,2,0,1,0,0,0,0,165,234,130
82,"""Donald Trump's Announcement of Candidacy for President of the United States Speech""",from November 2022 to the present,Topic_1,0.7689569219339897,"great, right, say, year, got, good, border, president, way, american",analysis_results\ner\transcript_82_ner.csv,analysis_results\sentiment\transcript_82_sentiment.csv,analysis_results\topics\transcript_82_topic.txt,But he’s a great man and a great friend of mine.,0.9559,(05:21)My opponents made me out to be a war monger and just a terrible person who would immediately go into war.,-0.8979,0.09313166666666668,32,43,47,32,91,42,6,9,5,7,1,0,2,1,0,1,1,0,161,159,100
83,"""Donald Trump Speech in Phoenix, Arizona""",from November 2022 to the present,Topic_1,0.999529452528632,"great, right, say, year, got, good, border, president, way, american",analysis_results\ner\transcript_83_ner.csv,analysis_results\sentiment\transcript_83_sentiment.csv,analysis_results\topics\transcript_83_topic.txt,"And she’s a very fine person, and a great, great, she’s a great family person, and a great person who loves our country.",0.9726,"I said, “Are we crazy or … What the hell are we doing to our country?” This guy is so incompetent, he’s so bad.",-0.9411,0.054862276422764235,90,66,48,23,65,13,6,5,11,4,1,5,3,1,3,5,0,2,211,278,126
84,"""Donald Trump Speech on Hunter Biden and Legal Challenges (2023)""",from November 2022 to the present,Topic_1,0.6491267267342504,"great, right, say, year, got, good, border, president, way, american",analysis_results\ner\transcript_84_ner.csv,analysis_results\sentiment\transcript_84_sentiment.csv,analysis_results\topics\transcript_84_topic.txt,"And even though I won the second election, OK, I won it by a lot.",0.8842,"But this racist DA is being pushed by radical left Democrats, the fake news media, and the Department of Injustice to bring charges against me for now ancient, no-affair story of Stormy Horseface Daniels.",-0.9604,-0.0007550335570469786,21,5,6,23,7,3,0,2,0,1,0,0,0,0,2,0,0,0,38,77,34
85,"""Donald Trump's Speech to American Patriots at Family Research Council Event""",from November 2022 to the present,Topic_1,0.8620876776684169,"great, right, say, year, got, good, border, president, way, american",analysis_results\ner\transcript_85_ner.csv,analysis_results\sentiment\transcript_85_sentiment.csv,analysis_results\topics\transcript_85_topic.txt,"Through four magnificent years, I was proud to be your relentless champion for freedom, for life, for liberty, and for the great biblical traditions of Western civilization.",0.9744,"As many of you have heard two weeks ago in an outrageous attack on Christians everywhere, the Stalinists and the Biden administration, and I'm not sure it's him because I don't think he knows where the hell he is.",-0.9129,0.05594804964539007,51,36,56,24,52,23,5,16,2,10,6,3,1,2,1,1,2,0,174,266,124
86,"""Donald Trump Speech in South Carolina (Feb 24, 2024)""",from November 2022 to the present,Topic_1,0.7660267460114462,"great, right, say, year, got, good, border, president, way, american",analysis_results\ner\transcript_86_ner.csv,analysis_results\sentiment\transcript_86_sentiment.csv,analysis_results\topics\transcript_86_topic.txt,"Last but not least, today I'm honored and really honored to receive the endorsement of the Speaker of the South Carolina House, a man that's respected by everybody, a great guy with a fabulous wife and family.",0.9845,"Henry, you must go crazy when you see the incompetence and the stupidity, the stupidity.",-0.8885,0.037259400998336106,79,29,30,35,63,11,4,14,19,27,1,6,0,3,1,1,0,0,173,292,136
87,"""Donald Trump Speech in Pennsylvania (Date Not Specified)""",from November 2022 to the present,Topic_1,0.99955122286784,"great, right, say, year, got, good, border, president, way, american",analysis_results\ner\transcript_87_ner.csv,analysis_results\sentiment\transcript_87_sentiment.csv,analysis_results\topics\transcript_87_topic.txt,"Never forget, our enemies want to take away my freedom, because I will never, ever let them take away your freedom.",0.9185,"(32:27)Just this week it was reported that an illegal alien… You just look at this, what’s happening, but it was reported that an illegal alien migrant from Afghanistan, who’s on the terror watch list, was released into the United States along with many other terrorists by crooked Joe Biden, despite being a member of a terrorist group, which is responsible for the slaughter of American troops in Afghanistan.",-0.9655,0.03253075630252101,64,45,60,38,79,31,5,2,7,3,2,3,1,1,2,1,0,0,184,279,132
89,"""Donald Trump Speech in Wisconsin (Date Not Specified)""",from November 2022 to the present,Topic_1,0.9995551208015045,"great, right, say, year, got, good, border, president, way, american",analysis_results\ner\transcript_89_ner.csv,analysis_results\sentiment\transcript_89_sentiment.csv,analysis_results\topics\transcript_89_topic.txt,It’s great to be back in this beautiful state and it is indeed a beautiful state.,0.9366,"But the person that heads it, up a woman, she waited so long, she was so weak, she was so afraid, she was so bad.",-0.9239,0.067834375,82,27,43,24,65,8,8,3,19,19,3,3,0,3,1,2,1,1,211,286,111
91,"""Donald Trump's Speech in Pickens, South Carolina (July 1, 2023)""",from November 2022 to the present,Topic_1,0.7268665231565491,"great, right, say, year, got, good, border, president, way, american",analysis_results\ner\transcript_91_ner.csv,analysis_results\sentiment\transcript_91_sentiment.csv,analysis_results\topics\transcript_91_topic.txt,"We run a wonderful, beautiful, beautiful place.",0.91,"Murders, gang members and bloodthirsty killers are being set loose on innocent people and Joe Biden is stumbling us into the brink of World War III because he has no idea what the hell he is doing.",-0.9633,0.06314960159362551,119,32,29,47,79,18,3,5,6,6,12,5,1,6,2,1,5,0,173,233,96
93,"""Donald Trump's Speech on Economy and Foreign Policy in New Hampshire""",the many years Trump was in the public eye prior to declaring his candidacy in 2016,Topic_2,0.9991389980418449,"great, say, really, right, year, good, got, make, thing, job",analysis_results\ner\transcript_93_ner.csv,analysis_results\sentiment\transcript_93_sentiment.csv,analysis_results\topics\transcript_93_topic.txt,He has been a great partner and a great friend.,0.9081,They also killed in terrorist.,-0.8807,0.0486401392111369,19,17,17,22,79,9,4,4,11,13,0,5,0,0,0,1,0,0,130,215,86
95,"""Donald Trump Speech on National Security and Immigration""",the many years Trump was in the public eye prior to declaring his candidacy in 2016,Topic_2,0.9830608782468099,"great, say, really, right, year, good, got, make, thing, job",analysis_results\ner\transcript_95_ner.csv,analysis_results\sentiment\transcript_95_sentiment.csv,analysis_results\topics\transcript_95_topic.txt,"I've had so many people call me and say, thank you.",0.3612,"Look at what happened last week in California with with, you know, 14 people dead, other people going to die.",-0.8481,-0.125315,2,1,2,1,5,0,1,0,0,0,0,0,0,0,0,0,0,0,6,7,7
96,"""Donald Trump Speech in Iowa: Addressing National Issues and Future Plans""",the many years Trump was in the public eye prior to declaring his candidacy in 2016,Topic_2,0.9989308081926167,"great, say, really, right, year, good, got, make, thing, job",analysis_results\ner\transcript_96_ner.csv,analysis_results\sentiment\transcript_96_sentiment.csv,analysis_results\topics\transcript_96_topic.txt,WE HAVE TO MAKE OUR COUNTRY RICH SO WE CAN SAVE SOCIAL SECURITY.,0.8578,INSTEAD THEY HAVE A WEAK LAWSUIT -- A WEAK LAWSUIT BY THE TIME IT IS FINISHED IN EIGHT YEARS EVERYONE WILL FORGET AND WE WILL BE IN A DIFFERENT MODE.,-0.9345,-0.0082,14,7,11,53,20,6,0,2,2,3,1,2,0,0,0,0,0,0,68,153,77
97,"""Donald Trump's Speech on Immigration and National Security""",the many years Trump was in the public eye prior to declaring his candidacy in 2016,Topic_2,0.9323828842439265,"great, say, really, right, year, good, got, make, thing, job",analysis_results\ner\transcript_97_ner.csv,analysis_results\sentiment\transcript_97_sentiment.csv,analysis_results\topics\transcript_97_topic.txt,We're going to find somebody I'm good at that I'm really good at that we're going to find somebody that's so tough and so smart and we're going to build up our military and we're going to make it so powerful and so strong that nobody's ever going to mess with us folks nobody nobody and we're going to take care of our vets we're going to take care of our vets.,0.9578,"When Kate was brutally killed, shot in the back by an illegal immigrant who was probably here more than five times.",-0.9201,0.054267435897435906,37,22,24,25,39,7,4,1,3,2,4,5,0,3,1,0,0,0,105,221,64
98,"""Donald Trump's Speech at CPAC (2023)""",the many years Trump was in the public eye prior to declaring his candidacy in 2016,Topic_2,0.9990066478678626,"great, say, really, right, year, good, got, make, thing, job",analysis_results\ner\transcript_98_ner.csv,analysis_results\sentiment\transcript_98_sentiment.csv,analysis_results\topics\transcript_98_topic.txt,WE CAN DO IT WITH SMART THINKING AND WE CAN SAVE SOCIAL SECURITY AND MEDICARE AND MEDICAID LIKE ALMOST -- AND NOT CUT IT LIKE ALMOST EVERY REPUBLICAN WANTS TO DO.,0.9602,"AND IF YOU WOULD ASK ME THAT QUESTION TWO OR THREE YEARS AGO IT WOULDN'T HAVE BEEN THE FIRST THING ON THE AGENDA BUT RIGHT NOW IT IS SO SEVERE AND SO BAD AND I SAID TAKE THE OIL, THEY HAVE THE OIL.",-0.8758,0.051918287937743196,12,9,3,61,21,0,0,3,1,1,1,1,2,0,1,0,1,0,93,98,66
99,"""Donald Trump's Speech on Immigration and Trade Policies""",the many years Trump was in the public eye prior to declaring his candidacy in 2016,Topic_2,0.972251681157049,"great, say, really, right, year, good, got, make, thing, job",analysis_results\ner\transcript_99_ner.csv,analysis_results\sentiment\transcript_99_sentiment.csv,analysis_results\topics\transcript_99_topic.txt,"BUT THEY ARE MADE IN AMERICA, BUT THE OTHER DAY, AND NOW I SEE TODAY IS PRETTY HOT IN THE NEWS -- OUR VERY DEAR FRIEND FROM NORTH KOREA IS ACTING A LITTLE BIT RAMBUNCTIOUS TODAY.",0.9694,"THE OTHER DAY IN CALIFORNIA LAST WEEK, A WOMAN, 66 YEARS OLD, A VETERAN, WAS KILLED, RAPED, SODOMIZED, TORTURED, AND KILLED BY AN ILLEGAL IMMIGRANT.",-0.9808,0.09300182584269664,23,29,23,120,80,6,6,5,3,13,1,0,1,1,6,0,1,0,230,365,117
100,"""Donald Trump's Keynote Speech at Real Estate Dinner in Iowa""",the many years Trump was in the public eye prior to declaring his candidacy in 2016,Topic_2,0.9995108244188884,"great, say, really, right, year, good, got, make, thing, job",analysis_results\ner\transcript_100_ner.csv,analysis_results\sentiment\transcript_100_sentiment.csv,analysis_results\topics\transcript_100_topic.txt,"WHETHER IT IS A JOB OR THE THING I LIKE BEST, AND THE THING THAT I THINK I AM BEST AT IS THE ECONOMY AND HOW TO PUT PEOPLE TO WORK.",0.8979,THE ENEMIES -- I CALL THEM THE LOSERS AND HATERS.,-0.9185,0.11629949579831933,20,33,19,101,26,4,5,5,2,18,2,4,3,3,3,8,1,0,217,283,95
101,"""Donald Trump's Speech in Iowa (Date Not Specified)""",the many years Trump was in the public eye prior to declaring his candidacy in 2016,Topic_2,0.9992636369317449,"great, say, really, right, year, good, got, make, thing, job",analysis_results\ner\transcript_101_ner.csv,analysis_results\sentiment\transcript_101_sentiment.csv,analysis_results\topics\transcript_101_topic.txt,"BUT WHEN I WAS THINKING ABOUT RUNNING, I REALLY FELT AND I WAS SO HONORED -- I LOVE TALKING ABOUT IT BECAUSE I LOVE THE COUNTRY AND I HATE TO SEE WHAT IS HAPPENING WITH OUR COUNTRY.",0.9728,"AND HE'S PROUDLY GOING THROUGH THE STREETS WAVING TO EVERYBODY AND WHAT THEY DID TO HIM WAS UNBELIEVABLE, THE KILLING WAS TERRIBLE BUT THE WAY THEY KILLED HIM FROM WHAT I UNDERSTAND WAS BEYOND.",-0.8519,0.1164343930635838,11,9,12,62,42,3,3,3,7,5,0,1,1,2,1,1,0,0,139,137,70
102,"""Donald Trump's Speech in Nashville, Tennessee""",the many years Trump was in the public eye prior to declaring his candidacy in 2016,Topic_2,0.7120424392801423,"great, say, really, right, year, good, got, make, thing, job",analysis_results\ner\transcript_102_ner.csv,analysis_results\sentiment\transcript_102_sentiment.csv,analysis_results\topics\transcript_102_topic.txt,"I HAD A GREAT EXPERIENCE, SO HERE I AM -- GREAT, GREAT BRAIN, GREAT SUCCESS, I FELT A GREAT COMPANY, DO THE APPRENTICE, TREMENDOUS SUCCESS.",0.9891,"A FEMALE, A VETERAN GOT RAPED, SODOMIZED, TORTURED AND KILLED.",-0.9287,0.10719059233449478,22,50,28,131,59,5,5,4,11,16,0,0,2,1,2,1,2,0,199,269,106
103,"""Donald Trump's Speech on Cuba and Economic Policy""",the many years Trump was in the public eye prior to declaring his candidacy in 2016,Topic_2,0.9979694191269989,"great, say, really, right, year, good, got, make, thing, job",analysis_results\ner\transcript_103_ner.csv,analysis_results\sentiment\transcript_103_sentiment.csv,analysis_results\topics\transcript_103_topic.txt,And I'm going to be down here and I'm going to watch you when I don't have that capacity I'll be our leader be the greatest in the country for the greatest president that you've had like you know if I could meet Castro right now.,0.8979,And frankly the bad go against killing mother must stand in for no other reason than if you are still to come.,-0.8779,0.10951884057971016,12,3,15,1,14,2,1,3,0,3,0,0,0,1,0,0,0,0,52,66,20
104,"""Donald Trump's Speech on America's Economic Challenges and Potential""",the many years Trump was in the public eye prior to declaring his candidacy in 2016,Topic_2,0.9987592100987138,"great, say, really, right, year, good, got, make, thing, job",analysis_results\ner\transcript_104_ner.csv,analysis_results\sentiment\transcript_104_sentiment.csv,analysis_results\topics\transcript_104_topic.txt,"I SAID THAT'S OKAY, SOMEBODY TOLD WELCOME IT WAS VERY NICE, HE'S A FRIEND OF MINE AND HE'S A MEMBER OF A GREAT CLUB RIGHT DOWN THE ROAD I HAPPEN TO OWN, SO I LOVE HIM.",0.964,"SO WHEN YOU SPEND $400 MILLION ITS AFFILIATE AND YOU DON'T HAVE ONE VICTORY, YOU KNOW THERE'S SOMETHING SERIOUSLY SERIOUSLY WRONG.",-0.8271,0.06659432989690721,6,11,3,52,19,1,3,1,1,6,0,1,0,0,0,2,0,0,66,83,45
105,"""Donald Trump Speech at CPAC (2023)""",the many years Trump was in the public eye prior to declaring his candidacy in 2016,Topic_2,0.998275201285264,"great, say, really, right, year, good, got, make, thing, job",analysis_results\ner\transcript_105_ner.csv,analysis_results\sentiment\transcript_105_sentiment.csv,analysis_results\topics\transcript_105_topic.txt,"I DON'T KNOW IF THAT'S TRUE OR NOT, BUT WITH NO CASE BE NUMBER TWO ON WARREN BUFFETT BE NUMBER THREE, STEVE FORD STATED THAT I WAS ONE OF THE GREATEST ENTREPRENEURS IN THE HISTORY OF FREE TRADE.",0.9467,"I SAID ON NUMEROUS OCCASIONS THAT WE SHOULD WATCH CHINA AND OPEC BECAUSE BY THE WAY, WORSE THAN CHINA, WORSE THAN EVERYONE, OPEC.",-0.7351,0.15222113821138214,6,7,4,27,17,1,1,0,0,5,0,0,0,1,1,0,0,0,54,46,23
106,"""Donald Trump's Speech at CPAC (2014)""",the many years Trump was in the public eye prior to declaring his candidacy in 2016,Topic_2,0.9989357085199272,"great, say, really, right, year, good, got, make, thing, job",analysis_results\ner\transcript_106_ner.csv,analysis_results\sentiment\transcript_106_sentiment.csv,analysis_results\topics\transcript_106_topic.txt,"So with immigration, you better be smart and you better be tough and they're taking your jobs and you better be smart and you better be tough.",0.9325,"I think it's going to be a tough race, but I think it's going to be a race that by that time will be so bad that the Republicans will likewise take that.",-0.817,0.08685141955835962,17,17,31,20,41,13,1,2,6,8,0,0,0,1,0,1,4,0,110,156,51
107,"""Donald Trump's Speech on Success and Entrepreneurship in Australia""",the many years Trump was in the public eye prior to declaring his candidacy in 2016,Topic_2,0.9994238427300073,"great, say, really, right, year, good, got, make, thing, job",analysis_results\ner\transcript_107_ner.csv,analysis_results\sentiment\transcript_107_sentiment.csv,analysis_results\topics\transcript_107_topic.txt,And we were talking about different things and all of a sudden I could see that he was starting to like me I happen to be a nice guy people like me you know with The Apprentice they say can never work as women will never like Donald Trump and I say excuse me I have who's done better with women than Trump and by the way my highest audience is women women they love trump it's a crazy thing see women are smart aren't they okay so what happens i'm with the banker and at the end of the evening he says you know i gotta tell you you're really a great guy i like you can you be in my office you know when you owe lots of money you go to their office can you be in my office?,0.9727,"I'm not a big stock guy, but it's been so badly beaten and it's sort of going against the tide.",-0.8911,0.12568634686346866,39,21,18,14,33,1,12,1,0,14,1,1,0,3,0,2,1,0,215,215,112
108,"""Donald Trump Speech on Birth Certificate and Economic Issues""",the many years Trump was in the public eye prior to declaring his candidacy in 2016,Topic_2,0.9967803404181521,"great, say, really, right, year, good, got, make, thing, job",analysis_results\ner\transcript_108_ner.csv,analysis_results\sentiment\transcript_108_sentiment.csv,analysis_results\topics\transcript_108_topic.txt,"But I am really honored, frankly, to have played such a big role in hopefully -- hopefully getting rid of this issue.",0.9504,I do not want to answer that question because it is negative.,-0.6023,0.16658695652173913,3,2,7,3,13,0,0,1,1,1,0,1,0,0,0,0,0,0,38,39,15
109,"""Donald Trump's Speech to the South Florida Tea Party""",the many years Trump was in the public eye prior to declaring his candidacy in 2016,Topic_2,0.9994414482260856,"great, say, really, right, year, good, got, make, thing, job",analysis_results\ner\transcript_109_ner.csv,analysis_results\sentiment\transcript_109_sentiment.csv,analysis_results\topics\transcript_109_topic.txt,"Anyway, now listen to this, he did one year in his life and that was a real estate deal for an expansion of this house at below fair market value from a monster, a campaign contributor, and what is best friends who ended up going to jail, and Obama was hardly even looked at.",0.9001,"But if you are a criminal, a sex offender, a rapist, a murderer, quite frankly someone who has never done anything in you were able across the border to stay in our country, in some cases with benefits, and never leave, what is going on?",-0.966,0.05930176600441501,40,15,28,20,98,9,3,22,4,22,0,7,0,1,3,0,0,0,152,204,97
110,"""Donald Trump's Speech on Leadership and Economic Challenges""",the many years Trump was in the public eye prior to declaring his candidacy in 2016,Topic_2,0.998736941938089,"great, say, really, right, year, good, got, make, thing, job",analysis_results\ner\transcript_110_ner.csv,analysis_results\sentiment\transcript_110_sentiment.csv,analysis_results\topics\transcript_110_topic.txt,"And I think one of the reasons that I have done so well and continue to do so well in terms of a popularity, it's not because of me.",0.8216,But we don't want to help the people that get devastated by tornadoes.,-0.8664,0.015814979757085023,17,8,19,11,36,6,0,3,9,12,0,3,0,0,0,0,0,0,68,114,65
111,"""Donald Trump's Book Signing Speech""",the many years Trump was in the public eye prior to declaring his candidacy in 2016,Topic_2,0.9927369941177299,"great, say, really, right, year, good, got, make, thing, job",analysis_results\ner\transcript_111_ner.csv,analysis_results\sentiment\transcript_111_sentiment.csv,analysis_results\topics\transcript_111_topic.txt,"I LOVE JESSE, I THINK HE IS TERRIFIC AND HE HAS DONE A GREAT JOB.",0.9081,I BELIEVE IN THE DEATH PENALTY.,-0.7845,0.2124810810810811,1,1,1,4,4,0,2,0,0,1,0,0,0,0,1,0,0,0,23,10,4
112,"""Senator Jeff Sessions References Donald Trump on U.N. Building Renovation Costs""",the many years Trump was in the public eye prior to declaring his candidacy in 2016,Topic_1,0.9644310726294191,"great, right, say, year, got, good, border, president, way, american",analysis_results\ner\transcript_112_ner.csv,analysis_results\sentiment\transcript_112_sentiment.csv,analysis_results\topics\transcript_112_topic.txt,"If you have a different transcript or additional context, please provide it, and I would be happy to assist you further.",0.7184,The transcript provided does not contain any sentences spoken directly by Donald Trump.,-0.0382,0.22673333333333334,3,0,0,2,0,0,0,0,0,0,0,0,0,0,0,0,0,0,1,1,1
